-- SKINgenius SEED DATA (run after FIXED-SETUP.sql)
-- All inserts use ON CONFLICT for idempotency
-- ============================================

-- ROOT CAUSES
INSERT INTO public.root_causes (id, name, description, body_system, evidence_level) VALUES
('follicular_hyperkeratinization','Follicular hyperkeratinization','Abnormal desquamation of keratinocytes leading to microcomedone formation','immune','A'),
('increased_sebum_production','Increased sebum production','Androgen-driven sebaceous gland hyperplasia; DHT is primary mediator','hormonal','A'),
('c._acnes_colonization','C. acnes colonization','IA1 phylotype triggers inflammatory cascade via TLR2/TLR4','immune','A'),
('inflammation','Inflammation','Innate immune response to C. acnes and biofilm formation','immune','A'),
('high_glycemic_diet','High glycemic diet','High glycemic load increases IGF-1, stimulating sebum production','metabolic','B'),
('gut_dysbiosis','Gut dysbiosis','Gut-skin axis; dysbiosis may drive systemic inflammation','gut','D'),
('insulin_resistance','Insulin resistance','Hyperinsulinemia increases androgens and IGF-1','hormonal','B'),
('chronic_stress','Chronic stress','CRH/ACTH axis increases cortisol and androgens, stimulating sebum','nervous','B'),
('androgen_excess','Androgen excess','DHEA-S, testosterone, DHT drive sebum production','hormonal','A'),
('estrogen_fluctuations','Estrogen fluctuations','Mid-cycle and premenstrual estrogen drops worsen acne','hormonal','A'),
('cortisol_dysregulation','Cortisol dysregulation','Stress increases cortisol which increases androgens','hormonal','B'),
('mechanical_friction','Mechanical friction','Physical irritation disrupts follicular epithelium','immune','A'),
('heat_and_occlusion','Heat and occlusion','Traps sweat and sebum, promoting bacterial growth','nervous','A'),
('pressure','Pressure','Compresses follicles and increases inflammation','nervous','A'),
('malassezia_overgrowth','Malassezia overgrowth','Lipophilic yeast thrives in sebum-rich environments','immune','A'),
('heat_and_humidity','Heat and humidity','Promotes yeast proliferation','nervous','A'),
('antibiotic_use','Antibiotic use','Disrupts bacterial balance, allowing yeast overgrowth','immune','A'),
('immunosuppression','Immunosuppression','Reduced immune control of commensal yeast','nervous','B'),
('systemic_corticosteroids','Systemic corticosteroids','Prednisone and similar trigger sebaceous hyperplasia','immune','A'),
('anabolic_steroids','Anabolic steroids','Exogenous androgens increase sebum production','hormonal','A'),
('topical_steroid_overuse','Topical steroid overuse','Perioral and facial acneiform eruption','immune','A'),
('neurovascular_dysregulation','Neurovascular dysregulation','Abnormal blood vessel reactivity and inflammation','immune','A'),
('demodex_mite_overgrowth','Demodex mite overgrowth','Demodex folliculorum density higher in rosacea patients','immune','B'),
('genetic_predisposition','Genetic predisposition','Family history common; Celtic/Northern European ancestry','immune','B'),
('uv_damage','UV damage','Chronic sun exposure damages vessels and skin','nervous','A'),
('barrier_dysfunction','Barrier dysfunction','Filaggrin mutations; ceramide deficiency; increased TEWL','immune','A'),
('th2_immune_dysregulation','Th2 immune dysregulation','IL-4, IL-5, IL-13 drive inflammation and pruritus','immune','A'),
('environmental_allergens','Environmental allergens','Dust mites, pollen, pet dander trigger flares','nervous','A'),
('microbiome_dysbiosis','Microbiome dysbiosis','S. aureus overgrowth; reduced microbial diversity','immune','A'),
('stress','Stress','Stress worsens symptoms via HPA axis and immune modulation','nervous','A'),
('food_triggers','Food triggers','Dairy, eggs, wheat, soy in some patients','metabolic','B'),
('irritant_exposure','Irritant exposure','Detergents, solvents, acids, alkalis directly damage skin','immune','A'),
('allergic_sensitization','Allergic sensitization','Type IV hypersensitivity to specific allergens','immune','A'),
('sebaceous_gland_activity','Sebaceous gland activity','Androgen-driven sebum production feeds yeast','hormonal','A'),
('immune_response','Immune response','Individual susceptibility to Malassezia antigens','immune','A'),
('neurological_conditions','Neurological conditions','Parkinson''s disease increases risk','nervous','B'),
('th1_th17_immune_dysregulation','Th1/Th17 immune dysregulation','TNF-α, IL-17, IL-23 are key cytokines','immune','A'),
('environmental_triggers','Environmental triggers','Infection, trauma, stress, medications','nervous','A'),
('obesity_metabolic_syndrome','Obesity/metabolic syndrome','Adipokines promote inflammation; weight loss improves severity','metabolic','A'),
('alcohol_and_smoking','Alcohol and smoking','Exacerbate psoriasis and reduce treatment response','nervous','A'),
('uv_radiation','UV radiation','Stimulates melanocyte activity','nervous','A'),
('hormonal_factors','Hormonal factors','Estrogen, progesterone; pregnancy, OCPs, HRT','hormonal','A'),
('visible_light','Visible light','Contributes to pigmentation in darker skin','nervous','B'),
('thyroid_disease','Thyroid disease','Autoimmune thyroid disease association','hormonal','B'),
('inflammatory_mediator_release','Inflammatory mediator release','IL-1, TNF-α, GM-CSF stimulate melanocytes','immune','A'),
('melanocyte_activation','Melanocyte activation','Inflammation triggers melanin production','immune','A'),
('uv_exposure','UV exposure','Post-inflammatory skin is photosensitive; UV worsens PIH','nervous','A'),
('chronic_uv_exposure','Chronic UV exposure','Cumulative sun damage; UVA primarily responsible','nervous','A'),
('melanocyte_proliferation','Melanocyte proliferation','Increased melanocyte number and melanin','immune','A'),
('dna_damage','DNA damage','UV-induced p53 mutations in keratinocytes','immune','A'),
('autoimmune_destruction','Autoimmune destruction','CD8+ T-cells target melanocytes','immune','A'),
('oxidative_stress','Oxidative stress','Excessive H2O2 in epidermis; defective catalase','immune','A'),
('koebner_phenomenon','Koebner phenomenon','Trauma initiates new lesions','immune','A'),
('genetic_mutations','Genetic mutations','BRAF, NRAS, CDKN2A mutations','immune','A'),
('family_history','Family history','10% have familial melanoma','immune','A'),
('many_nevi','Many nevi','>50 common nevi increases risk','immune','A'),
('fluoride_toothpaste','Fluoride toothpaste','Can trigger or exacerbate','nervous','B'),
('cosmetics','Cosmetics','Heavy moisturizers, occlusive products','immune','B'),
('keratin_overproduction','Keratin overproduction','Excess keratin blocks hair follicles','immune','A'),
('dry_skin','Dry skin','Worse in winter; improves with humidity','immune','A'),
('atopic_diathesis','Atopic diathesis','Associated with atopic dermatitis','immune','B'),
('low_humidity','Low humidity','Winter, indoor heating, desert climates','nervous','A'),
('aging','Aging','Decreased sebum, ceramides, and natural moisturizing factors','immune','A'),
('harsh_cleansers','Harsh cleansers','Strip natural lipids','nervous','A'),
('hot_water','Hot water','Strips lipids and damages barrier','nervous','A'),
('medical_conditions','Medical conditions','Hypothyroidism, diabetes, kidney disease','immune','B'),
('nutritional_deficiency','Nutritional deficiency','Essential fatty acids, vitamins A, D, E','metabolic','B'),
('sun_exposure','Sun exposure','Contributes to development','nervous','B'),
('oily_skin','Oily skin','Malassezia thrives on sebum','immune','B'),
('bacterial_infection','Bacterial infection','S. aureus most common','immune','A'),
('fungal_infection','Fungal infection','Malassezia, dermatophytes','immune','A'),
('physical_irritation','Physical irritation','Shaving, friction, tight clothing','nervous','A'),
('ingrown_hairs','Ingrown hairs','Curly hair re-enters skin; pseudofolliculitis barbae','immune','A'),
('hot_tub_exposure','Hot tub exposure','Pseudomonas folliculitis','nervous','A'),
('hsv_1_reactivation','HSV-1 reactivation','Latent virus in trigeminal ganglion reactivates','immune','A'),
('hormonal_changes','Hormonal changes','Menstrual cycle, pregnancy','hormonal','B'),
('curly_coily_hair','Curly/coily hair','Hair re-enters skin after shaving; foreign body reaction','immune','A'),
('close_shaving','Close shaving','Multi-blade razors cut hair below skin surface','nervous','A'),
('pulling_skin_while_shaving','Pulling skin while shaving','Causes hair to snap back below surface','nervous','A'),
('androgen_driven_sebaceous_lipogenesis','Androgen-driven sebaceous lipogenesis','DHT is the primary mediator of sebaceous gland activity','hormonal','A'),
('insulin_&_igf_1_upregulation','Insulin & IGF-1 upregulation','Spikes in insulin and IGF-1 directly upregulate sebum production','hormonal','A'),
('dairy_&_whey_protein','Dairy & whey protein','Dairy increases IGF-1 levels, amplifying androgen-driven sebum','metabolic','B'),
('collagen_&_elastin_loss_(aging)','Collagen & elastin loss (aging)','Decreased collagen around pore openings makes pores appear larger','immune','A'),
('dht_conversion','DHT conversion','Testosterone converts to DHT via 5-alpha reductase','hormonal','A'),
('over_exfoliation','Over-exfoliation','Excessive acids/retinoids/scrubs damages barrier','nervous','A'),
('environmental_damage','Environmental damage','Pollution, wind, cold weather damage barrier lipids','nervous','A')
ON CONFLICT (id) DO UPDATE SET name=EXCLUDED.name, description=EXCLUDED.description, body_system=EXCLUDED.body_system, evidence_level=EXCLUDED.evidence_level;

-- MECHANISMS
INSERT INTO public.mechanisms (id, name, description, pathway_type, evidence_level) VALUES
('follicular_hyperkeratinization_mech','Follicular hyperkeratinization pathway','Abnormal desquamation of keratinocytes leading to microcomedone formation','inflammatory','A'),
('increased_sebum_production_mech','Increased sebum production pathway','Androgen-driven sebaceous gland hyperplasia; DHT is primary mediator','hormonal','A'),
('c._acnes_colonization_mech','C. acnes colonization pathway','IA1 phylotype triggers inflammatory cascade via TLR2/TLR4','inflammatory','A'),
('inflammation_mech','Inflammation pathway','Innate immune response to C. acnes and biofilm formation','inflammatory','A'),
('high_glycemic_diet_mech','High glycemic diet pathway','High glycemic load increases IGF-1, stimulating sebum','metabolic','B'),
('gut_dysbiosis_mech','Gut dysbiosis pathway','Gut-skin axis; dysbiosis drives systemic inflammation','inflammatory','D'),
('insulin_resistance_mech','Insulin resistance pathway','Hyperinsulinemia increases androgens and IGF-1','hormonal','B'),
('chronic_stress_mech','Chronic stress pathway','CRH/ACTH axis increases cortisol and androgens','hormonal','B'),
('androgen_excess_mech','Androgen excess pathway','DHEA-S, testosterone, DHT drive sebum production','hormonal','A'),
('estrogen_fluctuations_mech','Estrogen fluctuations pathway','Mid-cycle and premenstrual estrogen drops worsen acne','hormonal','A'),
('cortisol_dysregulation_mech','Cortisol dysregulation pathway','Stress increases cortisol which increases androgens','hormonal','B'),
('mechanical_friction_mech','Mechanical friction pathway','Physical irritation disrupts follicular epithelium','inflammatory','A'),
('heat_and_occlusion_mech','Heat and occlusion pathway','Traps sweat and sebum, promoting bacterial growth','metabolic','A'),
('pressure_mech','Pressure pathway','Compresses follicles and increases inflammation','metabolic','A'),
('malassezia_overgrowth_mech','Malassezia overgrowth pathway','Lipophilic yeast thrives in sebum-rich environments','inflammatory','A'),
('heat_and_humidity_mech','Heat and humidity pathway','Promotes yeast proliferation','metabolic','A'),
('antibiotic_use_mech','Antibiotic use pathway','Disrupts bacterial balance, allowing yeast overgrowth','inflammatory','A'),
('immunosuppression_mech','Immunosuppression pathway','Reduced immune control of commensal yeast','metabolic','B'),
('systemic_corticosteroids_mech','Systemic corticosteroids pathway','Prednisone and similar trigger sebaceous hyperplasia','inflammatory','A'),
('anabolic_steroids_mech','Anabolic steroids pathway','Exogenous androgens increase sebum production','hormonal','A'),
('topical_steroid_overuse_mech','Topical steroid overuse pathway','Perioral and facial acneiform eruption','inflammatory','A'),
('neurovascular_dysregulation_mech','Neurovascular dysregulation pathway','Abnormal blood vessel reactivity and inflammation','inflammatory','A'),
('demodex_mite_overgrowth_mech','Demodex mite overgrowth pathway','Demodex folliculorum density higher in rosacea patients','inflammatory','B'),
('genetic_predisposition_mech','Genetic predisposition pathway','Family history common; Celtic/Northern European ancestry','inflammatory','B'),
('uv_damage_mech','UV damage pathway','Chronic sun exposure damages vessels and skin','metabolic','A'),
('barrier_dysfunction_mech','Barrier dysfunction pathway','Filaggrin mutations; ceramide deficiency; increased TEWL','inflammatory','A'),
('th2_immune_dysregulation_mech','Th2 immune dysregulation pathway','IL-4, IL-5, IL-13 drive inflammation and pruritus','inflammatory','A'),
('environmental_allergens_mech','Environmental allergens pathway','Dust mites, pollen, pet dander trigger flares','metabolic','A'),
('microbiome_dysbiosis_mech','Microbiome dysbiosis pathway','S. aureus overgrowth; reduced microbial diversity','inflammatory','A'),
('stress_mech','Stress pathway','Stress worsens symptoms via HPA axis and immune modulation','metabolic','A'),
('food_triggers_mech','Food triggers pathway','Dairy, eggs, wheat, soy in some patients','metabolic','B'),
('irritant_exposure_mech','Irritant exposure pathway','Detergents, solvents, acids directly damage skin','inflammatory','A'),
('allergic_sensitization_mech','Allergic sensitization pathway','Type IV hypersensitivity to specific allergens','inflammatory','A'),
('sebaceous_gland_activity_mech','Sebaceous gland activity pathway','Androgen-driven sebum production feeds yeast','hormonal','A'),
('immune_response_mech','Immune response pathway','Individual susceptibility to Malassezia antigens','inflammatory','A'),
('neurological_conditions_mech','Neurological conditions pathway','Parkinson''s disease increases risk','metabolic','B'),
('th1_th17_immune_dysregulation_mech','Th1/Th17 immune dysregulation pathway','TNF-α, IL-17, IL-23 are key cytokines','inflammatory','A'),
('environmental_triggers_mech','Environmental triggers pathway','Infection, trauma, stress, medications','metabolic','A'),
('obesity_metabolic_syndrome_mech','Obesity/metabolic syndrome pathway','Adipokines promote inflammation','metabolic','A'),
('alcohol_and_smoking_mech','Alcohol and smoking pathway','Exacerbate psoriasis and reduce treatment response','metabolic','A'),
('uv_radiation_mech','UV radiation pathway','Stimulates melanocyte activity','metabolic','A'),
('hormonal_factors_mech','Hormonal factors pathway','Estrogen, progesterone; pregnancy, OCPs, HRT','hormonal','A'),
('visible_light_mech','Visible light pathway','Contributes to pigmentation in darker skin','metabolic','B'),
('thyroid_disease_mech','Thyroid disease pathway','Autoimmune thyroid disease association','hormonal','B'),
('inflammatory_mediator_release_mech','Inflammatory mediator release pathway','IL-1, TNF-α, GM-CSF stimulate melanocytes','inflammatory','A'),
('melanocyte_activation_mech','Melanocyte activation pathway','Inflammation triggers melanin production','inflammatory','A'),
('uv_exposure_mech','UV exposure pathway','Post-inflammatory skin is photosensitive','metabolic','A'),
('chronic_uv_exposure_mech','Chronic UV exposure pathway','Cumulative sun damage; UVA primarily responsible','metabolic','A'),
('melanocyte_proliferation_mech','Melanocyte proliferation pathway','Increased melanocyte number and melanin','inflammatory','A'),
('dna_damage_mech','DNA damage pathway','UV-induced p53 mutations in keratinocytes','inflammatory','A'),
('autoimmune_destruction_mech','Autoimmune destruction pathway','CD8+ T-cells target melanocytes','inflammatory','A'),
('oxidative_stress_mech','Oxidative stress pathway','Excessive H2O2 in epidermis; defective catalase','inflammatory','A'),
('koebner_phenomenon_mech','Koebner phenomenon pathway','Trauma initiates new lesions','inflammatory','A'),
('genetic_mutations_mech','Genetic mutations pathway','BRAF, NRAS, CDKN2A mutations','inflammatory','A'),
('family_history_mech','Family history pathway','10% have familial melanoma','inflammatory','A'),
('many_nevi_mech','Many nevi pathway','>50 common nevi increases risk','inflammatory','A'),
('fluoride_toothpaste_mech','Fluoride toothpaste pathway','Can trigger or exacerbate','metabolic','B'),
('cosmetics_mech','Cosmetics pathway','Heavy moisturizers, occlusive products','inflammatory','B'),
('keratin_overproduction_mech','Keratin overproduction pathway','Excess keratin blocks hair follicles','inflammatory','A'),
('dry_skin_mech','Dry skin pathway','Worse in winter; improves with humidity','inflammatory','A'),
('atopic_diathesis_mech','Atopic diathesis pathway','Associated with atopic dermatitis','inflammatory','B'),
('low_humidity_mech','Low humidity pathway','Winter, indoor heating, desert climates','metabolic','A'),
('aging_mech','Aging pathway','Decreased sebum, ceramides, and NMFs','inflammatory','A'),
('harsh_cleansers_mech','Harsh cleansers pathway','Strip natural lipids','metabolic','A'),
('hot_water_mech','Hot water pathway','Strips lipids and damages barrier','metabolic','A'),
('medical_conditions_mech','Medical conditions pathway','Hypothyroidism, diabetes, kidney disease','inflammatory','B'),
('nutritional_deficiency_mech','Nutritional deficiency pathway','Essential fatty acids, vitamins A, D, E','metabolic','B'),
('sun_exposure_mech','Sun exposure pathway','Contributes to development','metabolic','B'),
('oily_skin_mech','Oily skin pathway','Malassezia thrives on sebum','inflammatory','B'),
('bacterial_infection_mech','Bacterial infection pathway','S. aureus most common','inflammatory','A'),
('fungal_infection_mech','Fungal infection pathway','Malassezia, dermatophytes','inflammatory','A'),
('physical_irritation_mech','Physical irritation pathway','Shaving, friction, tight clothing','metabolic','A'),
('ingrown_hairs_mech','Ingrown hairs pathway','Curly hair re-enters skin','inflammatory','A'),
('hot_tub_exposure_mech','Hot tub exposure pathway','Pseudomonas folliculitis','metabolic','A'),
('hsv_1_reactivation_mech','HSV-1 reactivation pathway','Latent virus in trigeminal ganglion reactivates','inflammatory','A'),
('hormonal_changes_mech','Hormonal changes pathway','Menstrual cycle, pregnancy','hormonal','B'),
('curly_coily_hair_mech','Curly/coily hair pathway','Hair re-enters skin after shaving','inflammatory','A'),
('close_shaving_mech','Close shaving pathway','Multi-blade razors cut hair below skin surface','metabolic','A'),
('pulling_skin_while_shaving_mech','Pulling skin while shaving pathway','Causes hair to snap back below surface','metabolic','A'),
('androgen_driven_sebaceous_lipogenesis_mech','Androgen-driven sebaceous lipogenesis pathway','DHT is the primary mediator of sebaceous gland activity','hormonal','A'),
('insulin_&_igf_1_upregulation_mech','Insulin & IGF-1 upregulation pathway','Insulin and IGF-1 upregulate sebum production','hormonal','A'),
('dairy_&_whey_protein_mech','Dairy & whey protein pathway','Dairy increases IGF-1, amplifying sebum production','metabolic','B'),
('collagen_&_elastin_loss_(aging)_mech','Collagen & elastin loss (aging) pathway','Decreased collagen around pore openings','inflammatory','A'),
('dht_conversion_mech','DHT conversion pathway','Testosterone converts to DHT via 5-alpha reductase','hormonal','A'),
('over_exfoliation_mech','Over-exfoliation pathway','Excessive acids/retinoids damages barrier','metabolic','A'),
('environmental_damage_mech','Environmental damage pathway','Pollution, wind, cold weather damage barrier lipids','metabolic','A')
ON CONFLICT (id) DO UPDATE SET name=EXCLUDED.name, description=EXCLUDED.description, pathway_type=EXCLUDED.pathway_type, evidence_level=EXCLUDED.evidence_level;

-- SUPPLEMENTS
INSERT INTO public.supplements (id, name, dosage, evidence_level, benefits, concerns_treated) VALUES
('zinc_picolinate_25_30mg','Zinc picolinate','30mg','B',ARRAY['Inhibits 5-alpha reductase, anti-inflammatory; pair with copper 2-3mg'],ARRAY['acne-vulgaris','excess-sebum-enlarged-pores']),
('omega_3_(epa_dha)','Omega-3 (EPA/DHA)','2000mg','B',ARRAY['Anti-inflammatory; reduces PGE2 and LTB4; improves insulin sensitivity'],ARRAY['acne-vulgaris','excess-sebum-enlarged-pores','barrier-dysfunction']),
('vitamin_d3','Vitamin D3','4000 IU','B',ARRAY['Deficiency common in acne; immune modulation; check 25(OH)D levels'],ARRAY['acne-vulgaris']),
('spearmint_tea','Spearmint tea','2 cups daily','B',ARRAY['Anti-androgen properties; 2 cups daily showed reduction in free testosterone'],ARRAY['hormonal-acne']),
('inositol_(myo_inositol)','Inositol (myo-inositol)','As directed','B',ARRAY['Improves insulin sensitivity; especially beneficial for PCOS-related acne'],ARRAY['hormonal-acne']),
('dim_(diindolylmethane)','DIM (diindolylmethane)','As directed','D',ARRAY['Promotes estrogen metabolism toward beneficial 2-hydroxyestrone pathway'],ARRAY['hormonal-acne']),
('probiotics','Probiotics','As directed','D',ARRAY['Support microbiome balance'],ARRAY['fungal-acne','rosacea','psoriasis','perioral-dermatitis','tinea-versicolor']),
('quercetin','Quercetin','As directed','D',ARRAY['Natural mast cell stabilizer; antihistamine properties'],ARRAY['atopic-dermatitis']),
('vitamin_c','Vitamin C','As directed','B',ARRAY['Antioxidant; supports melanin normalization; immune support'],ARRAY['contact-dermatitis','melasma','post-inflammatory-hyperpigmentation','cold-sore']),
('biotin','Biotin','As directed','D',ARRAY['Supports skin health'],ARRAY['seborrheic-dermatitis']),
('curcumin','Curcumin','As directed','B',ARRAY['Anti-inflammatory; Th17 modulation'],ARRAY['psoriasis']),
('oral_tranexamic_acid','Oral tranexamic acid','250mg 2x daily','A',ARRAY['Prescription; significant improvement in melasma'],ARRAY['melasma']),
('polypodium_leucotomos','Polypodium leucotomos','As directed','B',ARRAY['Oral photoprotectant; reduces UV-induced pigmentation'],ARRAY['melasma','solar-lentigines','vitiligo']),
('zinc','Zinc','As directed','B',ARRAY['Anti-inflammatory; supports healing; immune support'],ARRAY['post-inflammatory-hyperpigmentation','folliculitis','cold-sore']),
('vitamin_e','Vitamin E','As directed','B',ARRAY['Antioxidant; supports barrier'],ARRAY['xerosis','barrier-dysfunction']),
('hyaluronic_acid_(oral)','Hyaluronic acid (oral)','As directed','D',ARRAY['May improve skin hydration'],ARRAY['xerosis']),
('l_lysine','L-Lysine','As directed','B',ARRAY['May reduce recurrence frequency'],ARRAY['cold-sore']),
('green_tea_extract_(egcg)_400_800mg','Green Tea Extract (EGCG)','800mg','B',ARRAY['Systemic 5-alpha reductase inhibitor; reduces DHT production'],ARRAY['excess-sebum-enlarged-pores'])
ON CONFLICT (id) DO UPDATE SET name=EXCLUDED.name, dosage=EXCLUDED.dosage, evidence_level=EXCLUDED.evidence_level, benefits=EXCLUDED.benefits, concerns_treated=EXCLUDED.concerns_treated;

-- CAUSE-CONDITION LINKS
INSERT INTO public.cause_condition_links (root_cause_id, condition_id, relationship, mechanism_summary, evidence_level) VALUES
('follicular_hyperkeratinization','acne-vulgaris','causes','Abnormal keratinocyte desquamation blocks follicular ostia','A'),
('increased_sebum_production','acne-vulgaris','causes','Androgen-driven sebum excess creates anaerobic environment for C. acnes','A'),
('c._acnes_colonization','acne-vulgaris','causes','IA1 phylotype triggers TLR2/TLR4 inflammatory cascade','A'),
('inflammation','acne-vulgaris','causes','Innate immune activation drives papule and pustule formation','A'),
('high_glycemic_diet','acne-vulgaris','aggravates','Increases IGF-1 and insulin, amplifying sebum and inflammation','B'),
('gut_dysbiosis','acne-vulgaris','aggravates','Gut-skin axis inflammation may worsen acne','D'),
('insulin_resistance','acne-vulgaris','aggravates','Hyperinsulinemia increases androgens and IGF-1','B'),
('chronic_stress','acne-vulgaris','aggravates','CRH/ACTH axis increases cortisol and androgens','B'),
('androgen_excess','hormonal-acne','causes','DHEA-S, testosterone, DHT drive sebum production','A'),
('estrogen_fluctuations','hormonal-acne','causes','Mid-cycle and premenstrual estrogen drops worsen acne','A'),
('cortisol_dysregulation','hormonal-acne','aggravates','Stress increases cortisol which increases androgens','B'),
('insulin_resistance','hormonal-acne','aggravates','Hyperinsulinemia increases androgens and IGF-1','B'),
('mechanical_friction','acne-mechanica','causes','Physical irritation disrupts follicular epithelium','A'),
('heat_and_occlusion','acne-mechanica','aggravates','Traps sweat and sebum, promoting bacterial growth','A'),
('pressure','acne-mechanica','aggravates','Compresses follicles and increases inflammation','A'),
('systemic_corticosteroids','steroid-acne','causes','Prednisone and similar trigger sebaceous hyperplasia','A'),
('anabolic_steroids','steroid-acne','causes','Exogenous androgens increase sebum production','A'),
('topical_steroid_overuse','steroid-acne','aggravates','Perioral and facial acneiform eruption','A'),
('malassezia_overgrowth','fungal-acne','causes','Lipophilic yeast thrives in sebum-rich environments','A'),
('heat_and_humidity','fungal-acne','aggravates','Promotes yeast proliferation','A'),
('antibiotic_use','fungal-acne','aggravates','Disrupts bacterial balance, allowing yeast overgrowth','A'),
('immunosuppression','fungal-acne','aggravates','Reduced immune control of commensal yeast','B'),
('androgen_driven_sebaceous_lipogenesis','excess-sebum-enlarged-pores','causes','DHT is the primary mediator of sebaceous gland activity','A'),
('insulin_&_igf_1_upregulation','excess-sebum-enlarged-pores','causes','Insulin and IGF-1 directly upregulate sebum production','A'),
('high_glycemic_diet','excess-sebum-enlarged-pores','aggravates','High glycemic load increases IGF-1','B'),
('dairy_&_whey_protein','excess-sebum-enlarged-pores','aggravates','Dairy increases IGF-1, amplifying sebum','B'),
('follicular_hyperkeratinization','excess-sebum-enlarged-pores','causes','Excess keratin blocks enlarged pores further','A'),
('collagen_&_elastin_loss_(aging)','excess-sebum-enlarged-pores','aggravates','Decreased collagen makes pores appear larger','A'),
('chronic_stress','excess-sebum-enlarged-pores','aggravates','CRH/ACTH axis increases cortisol and androgens','B'),
('dht_conversion','excess-sebum-enlarged-pores','causes','Testosterone converts to DHT via 5-alpha reductase','A'),
('neurovascular_dysregulation','rosacea','causes','Abnormal blood vessel reactivity and inflammation','A'),
('demodex_mite_overgrowth','rosacea','causes','Demodex folliculorum density higher in rosacea patients','B'),
('genetic_predisposition','rosacea','aggravates','Family history common; Celtic/Northern European ancestry','B'),
('uv_damage','rosacea','aggravates','Chronic sun exposure damages vessels and skin','A'),
('barrier_dysfunction','atopic-dermatitis','causes','Filaggrin mutations; ceramide deficiency; increased TEWL','A'),
('th2_immune_dysregulation','atopic-dermatitis','causes','IL-4, IL-5, IL-13 drive inflammation and pruritus','A'),
('environmental_allergens','atopic-dermatitis','aggravates','Dust mites, pollen, pet dander trigger flares','A'),
('microbiome_dysbiosis','atopic-dermatitis','aggravates','S. aureus overgrowth; reduced microbial diversity','A'),
('stress','atopic-dermatitis','aggravates','Stress worsens symptoms via HPA axis','A'),
('food_triggers','atopic-dermatitis','aggravates','Dairy, eggs, wheat, soy in some patients','B'),
('irritant_exposure','contact-dermatitis','causes','Detergents, solvents, acids directly damage skin','A'),
('allergic_sensitization','contact-dermatitis','causes','Type IV hypersensitivity to specific allergens','A'),
('sebaceous_gland_activity','seborrheic-dermatitis','causes','Androgen-driven sebum production feeds yeast','A'),
('immune_response','seborrheic-dermatitis','causes','Individual susceptibility to Malassezia antigens','A'),
('stress','seborrheic-dermatitis','aggravates','Stress worsens symptoms','A'),
('neurological_conditions','seborrheic-dermatitis','aggravates','Parkinson''s disease increases risk','B'),
('th1_th17_immune_dysregulation','psoriasis','causes','TNF-α, IL-17, IL-23 are key cytokines','A'),
('genetic_predisposition','psoriasis','causes','Strong genetic component; HLA-Cw6 association','A'),
('environmental_triggers','psoriasis','aggravates','Infection, trauma, stress, medications','A'),
('obesity_metabolic_syndrome','psoriasis','aggravates','Adipokines promote inflammation','A'),
('alcohol_and_smoking','psoriasis','aggravates','Exacerbate psoriasis and reduce treatment response','A'),
('uv_radiation','melasma','causes','Stimulates melanocyte activity','A'),
('hormonal_factors','melasma','causes','Estrogen, progesterone; pregnancy, OCPs, HRT','A'),
('uv_exposure','melasma','aggravates','UV worsens existing pigmentation','A'),
('inflammatory_mediator_release','post-inflammatory-hyperpigmentation','causes','IL-1, TNF-α, GM-CSF stimulate melanocytes','A'),
('melanocyte_activation','post-inflammatory-hyperpigmentation','causes','Inflammation triggers melanin production','A'),
('uv_exposure','post-inflammatory-hyperpigmentation','aggravates','Post-inflammatory skin is photosensitive','A'),
('chronic_uv_exposure','solar-lentigines','causes','Cumulative sun damage; UVA primarily responsible','A'),
('melanocyte_proliferation','solar-lentigines','causes','Increased melanocyte number and melanin','A'),
('aging','solar-lentigines','aggravates','Accumulated UV damage over lifetime','A'),
('autoimmune_destruction','vitiligo','causes','CD8+ T-cells target melanocytes','A'),
('genetic_predisposition','vitiligo','causes','NLRP1, PTPN22, CTLA4 polymorphisms','A'),
('oxidative_stress','vitiligo','causes','Excessive H2O2 in epidermis; defective catalase','A'),
('koebner_phenomenon','vitiligo','aggravates','Trauma initiates new lesions','A'),
('chronic_uv_exposure','actinic-keratosis','causes','Cumulative UV damage to keratinocytes','A'),
('genetic_mutations','skin-cancer-melanoma','causes','BRAF, NRAS, CDKN2A mutations','A'),
('uv_damage','skin-cancer-melanoma','causes','UV exposure damages melanocyte DNA','A'),
('family_history','skin-cancer-melanoma','causes','10% have familial melanoma','A'),
('many_nevi','skin-cancer-melanoma','aggravates','>50 common nevi increases risk','A'),
('fluoride_toothpaste','perioral-dermatitis','causes','Can trigger or exacerbate','B'),
('cosmetics','perioral-dermatitis','aggravates','Heavy moisturizers, occlusive products','B'),
('topical_steroid_overuse','perioral-dermatitis','causes','Classic trigger for perioral dermatitis','A'),
('keratin_overproduction','keratosis-pilaris','causes','Excess keratin blocks hair follicles','A'),
('dry_skin','keratosis-pilaris','aggravates','Worse in winter; improves with humidity','A'),
('atopic_diathesis','keratosis-pilaris','aggravates','Associated with atopic dermatitis','B'),
('barrier_dysfunction','xerosis','causes','Impaired lipid matrix allows moisture loss','A'),
('low_humidity','xerosis','aggravates','Winter, indoor heating, desert climates','A'),
('aging','xerosis','aggravates','Decreased sebum, ceramides, and NMFs','A'),
('harsh_cleansers','xerosis','aggravates','Strip natural lipids','A'),
('hot_water','xerosis','aggravates','Strips lipids and damages barrier','A'),
('medical_conditions','xerosis','aggravates','Hypothyroidism, diabetes, kidney disease','B'),
('nutritional_deficiency','xerosis','aggravates','Essential fatty acids, vitamins A, D, E','B'),
('over_exfoliation','barrier-dysfunction','causes','Excessive acids/retinoids damages barrier','A'),
('harsh_cleansers','barrier-dysfunction','causes','Strip natural lipids','A'),
('environmental_damage','barrier-dysfunction','causes','Pollution, wind, cold weather damage barrier lipids','A'),
('uv_damage','barrier-dysfunction','aggravates','UV radiation degrades barrier lipids','A'),
('hsv_1_reactivation','cold-sore','causes','Latent virus in trigeminal ganglion reactivates','A'),
('stress','cold-sore','aggravates','Stress weakens immune response','A'),
('uv_exposure','cold-sore','aggravates','UV-B is a common trigger','A'),
('hormonal_changes','cold-sore','aggravates','Menstrual cycle, pregnancy','B'),
('curly_coily_hair','razor-bumps','causes','Hair re-enters skin after shaving','A'),
('close_shaving','razor-bumps','causes','Multi-blade razors cut hair below skin surface','A'),
('pulling_skin_while_shaving','razor-bumps','aggravates','Causes hair to snap back below surface','A'),
('genetic_predisposition','razor-bumps','aggravates','Higher prevalence in African American individuals','A'),
('malassezia_overgrowth','tinea-versicolor','causes','Malassezia species shift from yeast to pathogenic form','A'),
('heat_and_humidity','tinea-versicolor','aggravates','Promotes yeast proliferation','A'),
('oily_skin','tinea-versicolor','aggravates','Malassezia thrives on sebum','B'),
('bacterial_infection','folliculitis','causes','S. aureus most common','A'),
('fungal_infection','folliculitis','causes','Malassezia, dermatophytes','A'),
('physical_irritation','folliculitis','aggravates','Shaving, friction, tight clothing','A'),
('ingrown_hairs','folliculitis','causes','Curly hair re-enters skin','A'),
('hot_tub_exposure','folliculitis','causes','Pseudomonas folliculitis','A')
ON CONFLICT (root_cause_id, condition_id) DO UPDATE SET relationship=EXCLUDED.relationship, mechanism_summary=EXCLUDED.mechanism_summary, evidence_level=EXCLUDED.evidence_level;
